name,series,image_url
Son Goku,Alakazam the Great,https://raw.githubusercontent.com/danyiadam117-creator/card-bot-images/4959dbc59b1454605d738d3b672018a62d4bbea2/characters/60s/songokualakazam.png
Astro Boy,Astro Boy,https://raw.githubusercontent.com/danyiadam117-creator/card-bot-images/4959dbc59b1454605d738d3b672018a62d4bbea2/characters/60s/astroboy.jpg
Rock,Doggie March,https://raw.githubusercontent.com/danyiadam117-creator/card-bot-images/4959dbc59b1454605d738d3b672018a62d4bbea2/characters/60s/rockdoggiemarch.png
Kimba,Kimba the White Lion,https://raw.githubusercontent.com/danyiadam117-creator/card-bot-images/aa3fce9827c324f98722bbc8a9502a6adaf3a723/characters/60s/kimba.jpg
Sally Yumeno,Sally the Witch,https://raw.githubusercontent.com/danyiadam117-creator/card-bot-images/aa3fce9827c324f98722bbc8a9502a6adaf3a723/characters/60s/sallythewitch.jpg
Golden Bat,Golden Bat,https://raw.githubusercontent.com/danyiadam117-creator/card-bot-images/aa3fce9827c324f98722bbc8a9502a6adaf3a723/characters/60s/goldenbat.jpg
Kitarou,Gegege no Kitarou,https://raw.githubusercontent.com/danyiadam117-creator/card-bot-images/f2e875a21add67951e9ec359fbd4e13d0566de5d/characters/60s/kitarou.jpg
Daddy Eyeball,Gegege no Kitarou,https://raw.githubusercontent.com/danyiadam117-creator/card-bot-images/8651809aa0ae7e6d21c606b0544b07e059395a0a/characters/60s/daddyeyebllrealestest.png
Neko Musume,Gegege no Kitarou,https://raw.githubusercontent.com/danyiadam117-creator/card-bot-images/f2e875a21add67951e9ec359fbd4e13d0566de5d/characters/60s/nekomusume.jpg
Dororo,Dororo,https://raw.githubusercontent.com/danyiadam117-creator/card-bot-images/f2e875a21add67951e9ec359fbd4e13d0566de5d/characters/60s/dororo.png
Hyakkimaru,Dororo,https://raw.githubusercontent.com/danyiadam117-creator/card-bot-images/f2e875a21add67951e9ec359fbd4e13d0566de5d/characters/60s/hyakkimaru.png
Tiger Mask,Tiger Mask,https://raw.githubusercontent.com/danyiadam117-creator/card-bot-images/f2e875a21add67951e9ec359fbd4e13d0566de5d/characters/60s/tigermask.jpg
Sazae Fuguta,Sazae-san,https://raw.githubusercontent.com/danyiadam117-creator/card-bot-images/f2e875a21add67951e9ec359fbd4e13d0566de5d/characters/60s/sazaesan.jpg
Joe Yabuki,Ashita no Joe,https://raw.githubusercontent.com/danyiadam117-creator/card-bot-images/f986f63a7abc37a650ac6c60e6d48175f219a8d9/characters/70s/joeyabuki.jpg
Danpei Tange,Ashita no Joe,https://raw.githubusercontent.com/danyiadam117-creator/card-bot-images/f986f63a7abc37a650ac6c60e6d48175f219a8d9/characters/70s/danpeitange.png
Youko Shiraki,Ashita no Joe,https://raw.githubusercontent.com/danyiadam117-creator/card-bot-images/f986f63a7abc37a650ac6c60e6d48175f219a8d9/characters/70s/youkoshiraki.jpg
Arsene Lupin III,Lupin III,https://raw.githubusercontent.com/danyiadam117-creator/card-bot-images/f986f63a7abc37a650ac6c60e6d48175f219a8d9/characters/70s/lupin.jpg
Fujiko Mine,Lupin III,https://raw.githubusercontent.com/danyiadam117-creator/card-bot-images/f986f63a7abc37a650ac6c60e6d48175f219a8d9/characters/70s/fujikomine.png
Daisuke Jigen,Lupin III,https://raw.githubusercontent.com/danyiadam117-creator/card-bot-images/f986f63a7abc37a650ac6c60e6d48175f219a8d9/characters/70s/daisukejigen.jpg
Moomin,Moomin,https://raw.githubusercontent.com/danyiadam117-creator/card-bot-images/1614eed72598095384bd3486c306edef314e0e35/characters/70s/moominreal.jpg
Snufkin,Moomin,https://raw.githubusercontent.com/danyiadam117-creator/card-bot-images/1614eed72598095384bd3486c306edef314e0e35/characters/70s/snufkin.png
Little My,Moomin,https://raw.githubusercontent.com/danyiadam117-creator/card-bot-images/1614eed72598095384bd3486c306edef314e0e35/characters/70s/littlemy.png
Floren,Moomin,https://raw.githubusercontent.com/danyiadam117-creator/card-bot-images/1614eed72598095384bd3486c306edef314e0e35/characters/70s/florenreal.jpg
Devilman,Devilman,https://raw.githubusercontent.com/danyiadam117-creator/card-bot-images/1614eed72598095384bd3486c306edef314e0e35/characters/70s/devilman.png
Akira Fudou,Devilman,https://raw.githubusercontent.com/danyiadam117-creator/card-bot-images/c5136f9c59bd0f80636b18ba91c101e3a127e647/characters/70s/akirafudoureal.jpg
Ryou Asuka,Devilman,https://raw.githubusercontent.com/danyiadam117-creator/card-bot-images/c5136f9c59bd0f80636b18ba91c101e3a127e647/characters/70s/ryoasukareal.jpg
Miki Makimura,Devilman,https://raw.githubusercontent.com/danyiadam117-creator/card-bot-images/c5136f9c59bd0f80636b18ba91c101e3a127e647/characters/70s/mikimakimurareal.jpg
Pan-chan,Panda! Go Panda!,https://raw.githubusercontent.com/danyiadam117-creator/card-bot-images/eda8fd8e61474fbf047d36b7c93e16792cffcec6/characters/70s/panchan.jpg
Mimiko,Panda! Go Panda!,https://raw.githubusercontent.com/danyiadam117-creator/card-bot-images/eda8fd8e61474fbf047d36b7c93e16792cffcec6/characters/70s/mimiko.png
Doraemon,Doraemon,https://raw.githubusercontent.com/danyiadam117-creator/card-bot-images/eda8fd8e61474fbf047d36b7c93e16792cffcec6/characters/70s/doraemon.png
Nobita Nobi,Doraemon,https://raw.githubusercontent.com/danyiadam117-creator/card-bot-images/eda8fd8e61474fbf047d36b7c93e16792cffcec6/characters/70s/nobitanobi.jpg
Shizuka Minamoto,Doraemon,https://raw.githubusercontent.com/danyiadam117-creator/card-bot-images/eda8fd8e61474fbf047d36b7c93e16792cffcec6/characters/70s/shizukaminamoto.png
Cutey Honey,Cutey Honey,https://raw.githubusercontent.com/danyiadam117-creator/card-bot-images/b67cd603e31893691610296b03360351a1a4cad5/characters/70s/cuteyhoney.png
Maya,Maya the Bee,https://raw.githubusercontent.com/danyiadam117-creator/card-bot-images/b67cd603e31893691610296b03360351a1a4cad5/characters/70s/mayathebee.png
Gamba,Gamba's Adventure,https://raw.githubusercontent.com/danyiadam117-creator/card-bot-images/b67cd603e31893691610296b03360351a1a4cad5/characters/70s/gamba.png
Chirin,Ringing Bell,https://raw.githubusercontent.com/danyiadam117-creator/card-bot-images/b67cd603e31893691610296b03360351a1a4cad5/characters/70s/chirin.png
Maetel,Galaxy Express 999,https://raw.githubusercontent.com/danyiadam117-creator/card-bot-images/b67cd603e31893691610296b03360351a1a4cad5/characters/70s/maetel.jpg
Anne Shirley,Anne of Green Gables,https://raw.githubusercontent.com/danyiadam117-creator/card-bot-images/b67cd603e31893691610296b03360351a1a4cad5/characters/70s/anneshirley.png
Amuro Ray,Mobile Suit Gundam,https://raw.githubusercontent.com/danyiadam117-creator/card-bot-images/b67cd603e31893691610296b03360351a1a4cad5/characters/70s/amuroray.png
Char Aznable,Mobile Suit Gundam,https://raw.githubusercontent.com/danyiadam117-creator/card-bot-images/b67cd603e31893691610296b03360351a1a4cad5/characters/70s/charaznable.png
Sayla Mass,Mobile Suit Gundam,https://raw.githubusercontent.com/danyiadam117-creator/card-bot-images/b67cd603e31893691610296b03360351a1a4cad5/characters/70s/saylamass.png
Nils Holgersson,The Wonderful Adventures of Nils Holgersson,https://raw.githubusercontent.com/danyiadam117-creator/card-bot-images/94021533ef759e090a80e01b3c496b3faa858d34/characters/80s/nilsholgersson.png
Dracula,Dracula: Sovereign of the Damned,https://raw.githubusercontent.com/danyiadam117-creator/card-bot-images/94021533ef759e090a80e01b3c496b3faa858d34/characters/80s/dracula.jpg
Unico,Unico,https://raw.githubusercontent.com/danyiadam117-creator/card-bot-images/94021533ef759e090a80e01b3c496b3faa858d34/characters/80s/unico.jpg
Arale Norimaki,Dr. Slump,https://raw.githubusercontent.com/danyiadam117-creator/card-bot-images/94021533ef759e090a80e01b3c496b3faa858d34/characters/80s/aralenorimaki.png
Senbei Norimaki,Dr. Slump,https://raw.githubusercontent.com/danyiadam117-creator/card-bot-images/94021533ef759e090a80e01b3c496b3faa858d34/characters/80s/senbeinorimaki.jpg
Lum,Urusei Yatsura,https://raw.githubusercontent.com/danyiadam117-creator/card-bot-images/098f6379545cc6bc15025688621d41fddad1e644/characters/80s/lumurusai.png
Ataru Moroboshi,Urusei Yatsura,https://raw.githubusercontent.com/danyiadam117-creator/card-bot-images/098f6379545cc6bc15025688621d41fddad1e644/characters/80s/atarumoroboshi.jpg
Momo,Fairy Princess Minky Momo,https://raw.githubusercontent.com/danyiadam117-creator/card-bot-images/098f6379545cc6bc15025688621d41fddad1e644/characters/80s/minkymomo.jpg
Pollon,Little Pollon,https://raw.githubusercontent.com/danyiadam117-creator/card-bot-images/098f6379545cc6bc15025688621d41fddad1e644/characters/80s/pollon.jpg
Kinnikuman,Kinnikuman,https://raw.githubusercontent.com/danyiadam117-creator/card-bot-images/098f6379545cc6bc15025688621d41fddad1e644/characters/80s/kinnikuman.jpg
Golgo 13,Golgo 13,https://raw.githubusercontent.com/danyiadam117-creator/card-bot-images/098f6379545cc6bc15025688621d41fddad1e644/characters/80s/golgo.jpg
Hitomi Kisugi,Cat's Eye,https://raw.githubusercontent.com/danyiadam117-creator/card-bot-images/a566f9e2a24d8cc79c43c6686969c769fc8c80fb/characters/80s/hitomikisugi.png
Rui Kisugi,Cat's Eye,https://raw.githubusercontent.com/danyiadam117-creator/card-bot-images/a566f9e2a24d8cc79c43c6686969c769fc8c80fb/characters/80s/ruikisugi.png
Ai Kisugi,Cat's Eye,https://raw.githubusercontent.com/danyiadam117-creator/card-bot-images/a566f9e2a24d8cc79c43c6686969c769fc8c80fb/characters/80s/aikisugi.png
Tsubasa Oozora,Captain Tsubasa,https://raw.githubusercontent.com/danyiadam117-creator/card-bot-images/a566f9e2a24d8cc79c43c6686969c769fc8c80fb/characters/80s/tsubasaoozora.jpg
Chibineko Suwano,The Star of Cottonland,https://raw.githubusercontent.com/danyiadam117-creator/card-bot-images/a566f9e2a24d8cc79c43c6686969c769fc8c80fb/characters/80s/chibinekosuwano.jpg
Nausicaä,Nausicaä of the Valley of the Wind,https://raw.githubusercontent.com/danyiadam117-creator/card-bot-images/a566f9e2a24d8cc79c43c6686969c769fc8c80fb/characters/80s/nausicaa.png
Yupa,Nausicaä of the Valley of the Wind,https://raw.githubusercontent.com/danyiadam117-creator/card-bot-images/a566f9e2a24d8cc79c43c6686969c769fc8c80fb/characters/80s/yupa.jpg
Kenshiro,Fist of the North Star,https://raw.githubusercontent.com/danyiadam117-creator/card-bot-images/d2dad94702c6c040e0e6f763d22a71d7d3b86106/characters/80s/kenshiro.jpg
Raoh,Fist of the North Star,https://raw.githubusercontent.com/danyiadam117-creator/card-bot-images/d2dad94702c6c040e0e6f763d22a71d7d3b86106/characters/80s/raoh.png
Mike Davis,Penguin's Memory,https://raw.githubusercontent.com/danyiadam117-creator/card-bot-images/d2dad94702c6c040e0e6f763d22a71d7d3b86106/characters/80s/mikedavis.png
Jill,Penguin's Memory,https://raw.githubusercontent.com/danyiadam117-creator/card-bot-images/d2dad94702c6c040e0e6f763d22a71d7d3b86106/characters/80s/jillpenguin.png
Kei,Dirty Pair,https://raw.githubusercontent.com/danyiadam117-creator/card-bot-images/d2dad94702c6c040e0e6f763d22a71d7d3b86106/characters/80s/keidirty.jpg
Yuri,Dirty Pair,https://raw.githubusercontent.com/danyiadam117-creator/card-bot-images/d2dad94702c6c040e0e6f763d22a71d7d3b86106/characters/80s/yuridirty.jpg
D,Vampire Hunter D,https://raw.githubusercontent.com/danyiadam117-creator/card-bot-images/d2dad94702c6c040e0e6f763d22a71d7d3b86106/characters/80s/vampirehunterd.png
Android 16,Dragon Ball,https://raw.githubusercontent.com/danyiadam117-creator/card-bot-images/7dae15d6da572b8f17da282e08c135ca343d8163/characters/dragonball/android16.png
Android 17,Dragon Ball,https://raw.githubusercontent.com/danyiadam117-creator/card-bot-images/7dae15d6da572b8f17da282e08c135ca343d8163/characters/dragonball/android17.png
Android 18,Dragon Ball,https://raw.githubusercontent.com/danyiadam117-creator/card-bot-images/7dae15d6da572b8f17da282e08c135ca343d8163/characters/dragonball/android18.png
Android 19,Dragon Ball,https://raw.githubusercontent.com/danyiadam117-creator/card-bot-images/7dae15d6da572b8f17da282e08c135ca343d8163/characters/dragonball/android19.png
Android 20,Dragon Ball,https://raw.githubusercontent.com/danyiadam117-creator/card-bot-images/7dae15d6da572b8f17da282e08c135ca343d8163/characters/dragonball/android20.png
Babidi,Dragon Ball,https://raw.githubusercontent.com/danyiadam117-creator/card-bot-images/7dae15d6da572b8f17da282e08c135ca343d8163/characters/dragonball/babidi.png
Beerus,Dragon Ball,https://raw.githubusercontent.com/danyiadam117-creator/card-bot-images/8cf0ee2d5a01d8fca7a07948728e1676adb9384a/characters/dragonball/beerus.png
Bra,Dragon Ball,https://raw.githubusercontent.com/danyiadam117-creator/card-bot-images/8cf0ee2d5a01d8fca7a07948728e1676adb9384a/characters/dragonball/bradb.png
Bulma,Dragon Ball,https://raw.githubusercontent.com/danyiadam117-creator/card-bot-images/fda2bc50f922503156e81b79de61886a867beb30/characters/dragonball/bulma.png
Burter,Dragon Ball,https://raw.githubusercontent.com/danyiadam117-creator/card-bot-images/f0dd936906279bcb60efce371979257bb4755ba2/characters/dragonball/burter.png
Cabba,Dragon Ball,https://raw.githubusercontent.com/danyiadam117-creator/card-bot-images/8cf0ee2d5a01d8fca7a07948728e1676adb9384a/characters/dragonball/cabba.png
Captain Ginyu,Dragon Ball,https://raw.githubusercontent.com/danyiadam117-creator/card-bot-images/f0dd936906279bcb60efce371979257bb4755ba2/characters/dragonball/captainginyu.png
Caulifla,Dragon Ball,https://raw.githubusercontent.com/danyiadam117-creator/card-bot-images/8cf0ee2d5a01d8fca7a07948728e1676adb9384a/characters/dragonball/caulifla.png
Cell,Dragon Ball,https://raw.githubusercontent.com/danyiadam117-creator/card-bot-images/7dae15d6da572b8f17da282e08c135ca343d8163/characters/dragonball/celldb.png
Champa,Dragon Ball,https://raw.githubusercontent.com/danyiadam117-creator/card-bot-images/8cf0ee2d5a01d8fca7a07948728e1676adb9384a/characters/dragonball/champa.png
Chaotzu,Dragon Ball,https://raw.githubusercontent.com/danyiadam117-creator/card-bot-images/fda2bc50f922503156e81b79de61886a867beb30/characters/dragonball/chaotzu.png
Chi-Chi,Dragon Ball,https://raw.githubusercontent.com/danyiadam117-creator/card-bot-images/fda2bc50f922503156e81b79de61886a867beb30/characters/dragonball/chichi.png
Commander Red,Dragon Ball,https://raw.githubusercontent.com/danyiadam117-creator/card-bot-images/fda2bc50f922503156e81b79de61886a867beb30/characters/dragonball/commanderred.png
Dabura,Dragon Ball,https://raw.githubusercontent.com/danyiadam117-creator/card-bot-images/7dae15d6da572b8f17da282e08c135ca343d8163/characters/dragonball/dabura.png
Dende,Dragon Ball,https://raw.githubusercontent.com/danyiadam117-creator/card-bot-images/f0dd936906279bcb60efce371979257bb4755ba2/characters/dragonball/dende.png
Dodoria,Dragon Ball,https://raw.githubusercontent.com/danyiadam117-creator/card-bot-images/f0dd936906279bcb60efce371979257bb4755ba2/characters/dragonball/dodoria.png
Emperor Pilaf,Dragon Ball,https://raw.githubusercontent.com/danyiadam117-creator/card-bot-images/fda2bc50f922503156e81b79de61886a867beb30/characters/dragonball/emperorpilaf.png
Frieza,Dragon Ball,https://raw.githubusercontent.com/danyiadam117-creator/card-bot-images/f0dd936906279bcb60efce371979257bb4755ba2/characters/dragonball/frieza.png
Frost,Dragon Ball,https://raw.githubusercontent.com/danyiadam117-creator/card-bot-images/8cf0ee2d5a01d8fca7a07948728e1676adb9384a/characters/dragonball/frostdb.png
Future Trunks,Dragon Ball,https://raw.githubusercontent.com/danyiadam117-creator/card-bot-images/f0dd936906279bcb60efce371979257bb4755ba2/characters/dragonball/futuretrunks.png
General Blue,Dragon Ball,https://raw.githubusercontent.com/danyiadam117-creator/card-bot-images/fda2bc50f922503156e81b79de61886a867beb30/characters/dragonball/generalblue.png
Goku Black,Dragon Ball,https://raw.githubusercontent.com/danyiadam117-creator/card-bot-images/8cf0ee2d5a01d8fca7a07948728e1676adb9384a/characters/dragonball/gokublack.png
Grand Elder Guru,Dragon Ball,https://raw.githubusercontent.com/danyiadam117-creator/card-bot-images/f0dd936906279bcb60efce371979257bb4755ba2/characters/dragonball/grandelderguru.png
Guldo,Dragon Ball,https://raw.githubusercontent.com/danyiadam117-creator/card-bot-images/f0dd936906279bcb60efce371979257bb4755ba2/characters/dragonball/guldo.png
Hit,Dragon Ball,https://raw.githubusercontent.com/danyiadam117-creator/card-bot-images/8cf0ee2d5a01d8fca7a07948728e1676adb9384a/characters/dragonball/hitdb.png
Jaco,Dragon Ball,https://raw.githubusercontent.com/danyiadam117-creator/card-bot-images/8cf0ee2d5a01d8fca7a07948728e1676adb9384a/characters/dragonball/jaco.png
Jeice,Dragon Ball,https://raw.githubusercontent.com/danyiadam117-creator/card-bot-images/f0dd936906279bcb60efce371979257bb4755ba2/characters/dragonball/jeice.png
Kale,Dragon Ball,https://raw.githubusercontent.com/danyiadam117-creator/card-bot-images/8cf0ee2d5a01d8fca7a07948728e1676adb9384a/characters/dragonball/kaledb.png
Kami,Dragon Ball,https://raw.githubusercontent.com/danyiadam117-creator/card-bot-images/fda2bc50f922503156e81b79de61886a867beb30/characters/dragonball/kamidb.png
Kid Buu,Dragon Ball,https://raw.githubusercontent.com/danyiadam117-creator/card-bot-images/7dae15d6da572b8f17da282e08c135ca343d8163/characters/dragonball/kidbuu.png
King Kai,Dragon Ball,https://raw.githubusercontent.com/danyiadam117-creator/card-bot-images/f0dd936906279bcb60efce371979257bb4755ba2/characters/dragonball/kingkai.png
Krillin,Dragon Ball,https://raw.githubusercontent.com/danyiadam117-creator/card-bot-images/fda2bc50f922503156e81b79de61886a867beb30/characters/dragonball/krillin.png
Launch,Dragon Ball,https://raw.githubusercontent.com/danyiadam117-creator/card-bot-images/fda2bc50f922503156e81b79de61886a867beb30/characters/dragonball/launch.png
Mai,Dragon Ball,https://raw.githubusercontent.com/danyiadam117-creator/card-bot-images/fda2bc50f922503156e81b79de61886a867beb30/characters/dragonball/maidb.png
Majin Buu,Dragon Ball,https://raw.githubusercontent.com/danyiadam117-creator/card-bot-images/7dae15d6da572b8f17da282e08c135ca343d8163/characters/dragonball/majinbuu.png
Master Roshi,Dragon Ball,https://raw.githubusercontent.com/danyiadam117-creator/card-bot-images/fda2bc50f922503156e81b79de61886a867beb30/characters/dragonball/masterroshi.png
Mercenary Tao,Dragon Ball,https://raw.githubusercontent.com/danyiadam117-creator/card-bot-images/fda2bc50f922503156e81b79de61886a867beb30/characters/dragonball/mercenarytao.png
Mr. Popo,Dragon Ball,https://raw.githubusercontent.com/danyiadam117-creator/card-bot-images/f0dd936906279bcb60efce371979257bb4755ba2/characters/dragonball/mrpopo.png
Mr. Satan,Dragon Ball,https://raw.githubusercontent.com/danyiadam117-creator/card-bot-images/7dae15d6da572b8f17da282e08c135ca343d8163/characters/dragonball/mrsatan.png
Nail,Dragon Ball,https://raw.githubusercontent.com/danyiadam117-creator/card-bot-images/f0dd936906279bcb60efce371979257bb4755ba2/characters/dragonball/naildb.png
Nappa,Dragon Ball,https://raw.githubusercontent.com/danyiadam117-creator/card-bot-images/f0dd936906279bcb60efce371979257bb4755ba2/characters/dragonball/nappa.png
Oolong,Dragon Ball,https://raw.githubusercontent.com/danyiadam117-creator/card-bot-images/fda2bc50f922503156e81b79de61886a867beb30/characters/dragonball/oolong.png
Pan,Dragon Ball,https://raw.githubusercontent.com/danyiadam117-creator/card-bot-images/8cf0ee2d5a01d8fca7a07948728e1676adb9384a/characters/dragonball/pandb.png
Piccolo,Dragon Ball,https://raw.githubusercontent.com/danyiadam117-creator/card-bot-images/fda2bc50f922503156e81b79de61886a867beb30/characters/dragonball/piccolo.png
Puar,Dragon Ball,https://raw.githubusercontent.com/danyiadam117-creator/card-bot-images/fda2bc50f922503156e81b79de61886a867beb30/characters/dragonball/puar.png
Raditz,Dragon Ball,https://raw.githubusercontent.com/danyiadam117-creator/card-bot-images/f0dd936906279bcb60efce371979257bb4755ba2/characters/dragonball/raditz.png
Recoome,Dragon Ball,https://raw.githubusercontent.com/danyiadam117-creator/card-bot-images/f0dd936906279bcb60efce371979257bb4755ba2/characters/dragonball/recoome.png
Ribrianne,Dragon Ball,https://raw.githubusercontent.com/danyiadam117-creator/card-bot-images/8cf0ee2d5a01d8fca7a07948728e1676adb9384a/characters/dragonball/ribrianne.png
Saibamen,Dragon Ball,https://raw.githubusercontent.com/danyiadam117-creator/card-bot-images/f0dd936906279bcb60efce371979257bb4755ba2/characters/dragonball/saibamen.png
Shenron,Dragon Ball,https://raw.githubusercontent.com/danyiadam117-creator/card-bot-images/fda2bc50f922503156e81b79de61886a867beb30/characters/dragonball/shenron.png
Son Gohan,Dragon Ball,https://raw.githubusercontent.com/danyiadam117-creator/card-bot-images/f0dd936906279bcb60efce371979257bb4755ba2/characters/dragonball/songohan.png
Son Goku,Dragon Ball,https://raw.githubusercontent.com/danyiadam117-creator/card-bot-images/fda2bc50f922503156e81b79de61886a867beb30/characters/dragonball/gokudb.png
Son Goten,Dragon Ball,https://raw.githubusercontent.com/danyiadam117-creator/card-bot-images/7dae15d6da572b8f17da282e08c135ca343d8163/characters/dragonball/goten.png
Tenshinhan,Dragon Ball,https://raw.githubusercontent.com/danyiadam117-creator/card-bot-images/fda2bc50f922503156e81b79de61886a867beb30/characters/dragonball/tenshinhan.png
Trunks,Dragon Ball,https://raw.githubusercontent.com/danyiadam117-creator/card-bot-images/7dae15d6da572b8f17da282e08c135ca343d8163/characters/dragonball/trunks.png
Uub,Dragon Ball,https://raw.githubusercontent.com/danyiadam117-creator/card-bot-images/8cf0ee2d5a01d8fca7a07948728e1676adb9384a/characters/dragonball/uubdb.png
Vados,Dragon Ball,https://raw.githubusercontent.com/danyiadam117-creator/card-bot-images/8cf0ee2d5a01d8fca7a07948728e1676adb9384a/characters/dragonball/vados.png
Vegeta,Dragon Ball,https://raw.githubusercontent.com/danyiadam117-creator/card-bot-images/f0dd936906279bcb60efce371979257bb4755ba2/characters/dragonball/vegeta.png
Videl,Dragon Ball,https://raw.githubusercontent.com/danyiadam117-creator/card-bot-images/7dae15d6da572b8f17da282e08c135ca343d8163/characters/dragonball/videl.png
Whis,Dragon Ball,https://raw.githubusercontent.com/danyiadam117-creator/card-bot-images/8cf0ee2d5a01d8fca7a07948728e1676adb9384a/characters/dragonball/whis.png
Yajirobe,Dragon Ball,https://raw.githubusercontent.com/danyiadam117-creator/card-bot-images/fda2bc50f922503156e81b79de61886a867beb30/characters/dragonball/yajirobe.png
Yamcha,Dragon Ball,https://raw.githubusercontent.com/danyiadam117-creator/card-bot-images/fda2bc50f922503156e81b79de61886a867beb30/characters/dragonball/yamcha.png
Zamasu,Dragon Ball,https://raw.githubusercontent.com/danyiadam117-creator/card-bot-images/8cf0ee2d5a01d8fca7a07948728e1676adb9384a/characters/dragonball/zamasu.png
Zarbon,Dragon Ball,https://raw.githubusercontent.com/danyiadam117-creator/card-bot-images/f0dd936906279bcb60efce371979257bb4755ba2/characters/dragonball/zarbon.png
Zeno,Dragon Ball,https://raw.githubusercontent.com/danyiadam117-creator/card-bot-images/8cf0ee2d5a01d8fca7a07948728e1676adb9384a/characters/dragonball/zeno.png
Wolfgang,Animal Crossing,https://raw.githubusercontent.com/danyiadam117-creator/card-bot-images/28bc036598b8f8e81ad4090558a821a347d4187f/characters/genshin/wolfgangac.png
Aether,Genshin Impact,https://raw.githubusercontent.com/danyiadam117-creator/card-bot-images/0f672e453f6e73303582e22bcff79705778ba316/characters/genshin/aether.png
Aino,Genshin Impact,https://raw.githubusercontent.com/danyiadam117-creator/card-bot-images/cbd4c2a1162ebd1070e4fe6cda35560c74c3d28d/characters/genshin/aino.png
Albedo,Genshin Impact,https://raw.githubusercontent.com/danyiadam117-creator/card-bot-images/cbd4c2a1162ebd1070e4fe6cda35560c74c3d28d/characters/genshin/albedogi.png
Alhaitham,Genshin Impact,https://raw.githubusercontent.com/danyiadam117-creator/card-bot-images/cbd4c2a1162ebd1070e4fe6cda35560c74c3d28d/characters/genshin/alhaitham.png
Alice,Genshin Impact,https://raw.githubusercontent.com/danyiadam117-creator/card-bot-images/5a595e363fd5c50a7e3c88333cb2ef8509e770e7/characters/genshin/alicegi.png
All-Devouring Narwhal,Genshin Impact,https://raw.githubusercontent.com/danyiadam117-creator/card-bot-images/d5e402fdce0a252ce9808db1c196caf04aca5f57/characters/genshin/alldevouringnarwhal.png
Amber,Genshin Impact,https://raw.githubusercontent.com/danyiadam117-creator/card-bot-images/cbd4c2a1162ebd1070e4fe6cda35560c74c3d28d/characters/genshin/amber.png
Andersdotter,Genshin Impact,https://raw.githubusercontent.com/danyiadam117-creator/card-bot-images/d5e402fdce0a252ce9808db1c196caf04aca5f57/characters/genshin/andersdotter.png
Andrius,Genshin Impact,https://raw.githubusercontent.com/danyiadam117-creator/card-bot-images/d5e402fdce0a252ce9808db1c196caf04aca5f57/characters/genshin/andrius.png
Apep,Genshin Impact,https://raw.githubusercontent.com/danyiadam117-creator/card-bot-images/d5e402fdce0a252ce9808db1c196caf04aca5f57/characters/genshin/apep.png
Aranara,Genshin Impact,https://raw.githubusercontent.com/danyiadam117-creator/card-bot-images/d5e402fdce0a252ce9808db1c196caf04aca5f57/characters/genshin/aranara.png
Arataki Itto,Genshin Impact,https://raw.githubusercontent.com/danyiadam117-creator/card-bot-images/78b4eef3bfa8bba39a9b60ffcda148880105dc8e/characters/genshin/itto.png
Aria,Genshin Impact,https://raw.githubusercontent.com/danyiadam117-creator/card-bot-images/7534a0fc726fd9a04e3c56a2786ca94f49657130/characters/genshin/ariagi.png
Arlecchino,Genshin Impact,https://raw.githubusercontent.com/danyiadam117-creator/card-bot-images/cbd4c2a1162ebd1070e4fe6cda35560c74c3d28d/characters/genshin/arlecchino.png
Asmoday,Genshin Impact,https://raw.githubusercontent.com/danyiadam117-creator/card-bot-images/7534a0fc726fd9a04e3c56a2786ca94f49657130/characters/genshin/asmoday.png
Azhdaha,Genshin Impact,https://raw.githubusercontent.com/danyiadam117-creator/card-bot-images/d5e402fdce0a252ce9808db1c196caf04aca5f57/characters/genshin/azhdaha.png
Baizhu,Genshin Impact,https://raw.githubusercontent.com/danyiadam117-creator/card-bot-images/cbd4c2a1162ebd1070e4fe6cda35560c74c3d28d/characters/genshin/baizhu.png
Barbara,Genshin Impact,https://raw.githubusercontent.com/danyiadam117-creator/card-bot-images/cbd4c2a1162ebd1070e4fe6cda35560c74c3d28d/characters/genshin/barbara.png
Barbeloth,Genshin Impact,https://raw.githubusercontent.com/danyiadam117-creator/card-bot-images/d5e402fdce0a252ce9808db1c196caf04aca5f57/characters/genshin/barbeloth.png
Beidou,Genshin Impact,https://raw.githubusercontent.com/danyiadam117-creator/card-bot-images/cbd4c2a1162ebd1070e4fe6cda35560c74c3d28d/characters/genshin/beidou.png
Bennett,Genshin Impact,https://raw.githubusercontent.com/danyiadam117-creator/card-bot-images/cbd4c2a1162ebd1070e4fe6cda35560c74c3d28d/characters/genshin/bennett.png
Candace,Genshin Impact,https://raw.githubusercontent.com/danyiadam117-creator/card-bot-images/cbd4c2a1162ebd1070e4fe6cda35560c74c3d28d/characters/genshin/candace.png
Canon,Genshin Impact,https://raw.githubusercontent.com/danyiadam117-creator/card-bot-images/7534a0fc726fd9a04e3c56a2786ca94f49657130/characters/genshin/canongi.png
Capitano,Genshin Impact,https://raw.githubusercontent.com/danyiadam117-creator/card-bot-images/7534a0fc726fd9a04e3c56a2786ca94f49657130/characters/genshin/capitano.png
Charlotte,Genshin Impact,https://raw.githubusercontent.com/danyiadam117-creator/card-bot-images/efb087d0bae55ebf21bf7d3316929701d478daef/characters/genshin/charlottegi.png
Chasca,Genshin Impact,https://raw.githubusercontent.com/danyiadam117-creator/card-bot-images/efb087d0bae55ebf21bf7d3316929701d478daef/characters/genshin/chasca.png
Chevreuse,Genshin Impact,https://raw.githubusercontent.com/danyiadam117-creator/card-bot-images/efb087d0bae55ebf21bf7d3316929701d478daef/characters/genshin/chevreuse.png
Chiori,Genshin Impact,https://raw.githubusercontent.com/danyiadam117-creator/card-bot-images/efb087d0bae55ebf21bf7d3316929701d478daef/characters/genshin/chiori.png
Chongyun,Genshin Impact,https://raw.githubusercontent.com/danyiadam117-creator/card-bot-images/efb087d0bae55ebf21bf7d3316929701d478daef/characters/genshin/chongyun.png
Citlali,Genshin Impact,https://raw.githubusercontent.com/danyiadam117-creator/card-bot-images/efb087d0bae55ebf21bf7d3316929701d478daef/characters/genshin/citlali.png
Clorinde,Genshin Impact,https://raw.githubusercontent.com/danyiadam117-creator/card-bot-images/efb087d0bae55ebf21bf7d3316929701d478daef/characters/genshin/clorinde.png
Collei,Genshin Impact,https://raw.githubusercontent.com/danyiadam117-creator/card-bot-images/efb087d0bae55ebf21bf7d3316929701d478daef/characters/genshin/collei.png
Columbina,Genshin Impact,https://raw.githubusercontent.com/danyiadam117-creator/card-bot-images/efb087d0bae55ebf21bf7d3316929701d478daef/characters/genshin/columbina.png
Crucabena,Genshin Impact,https://raw.githubusercontent.com/danyiadam117-creator/card-bot-images/7534a0fc726fd9a04e3c56a2786ca94f49657130/characters/genshin/crucabena.png
Cyno,Genshin Impact,https://raw.githubusercontent.com/danyiadam117-creator/card-bot-images/a8bff183d21706158e29eb0cc6a5add38665d313/characters/cyno.png
Dahlia,Genshin Impact,https://raw.githubusercontent.com/danyiadam117-creator/card-bot-images/a8bff183d21706158e29eb0cc6a5add38665d313/characters/dahlia.png
Dainsleif,Genshin Impact,https://raw.githubusercontent.com/danyiadam117-creator/card-bot-images/d23290e39dd25050f09d3bc613b7c66fe55ca0e8/characters/genshin/dainsleif.png
Dehya,Genshin Impact,https://raw.githubusercontent.com/danyiadam117-creator/card-bot-images/a8bff183d21706158e29eb0cc6a5add38665d313/characters/dehya.png
Diluc,Genshin Impact,https://raw.githubusercontent.com/danyiadam117-creator/card-bot-images/a8bff183d21706158e29eb0cc6a5add38665d313/characters/diluc.png
Diona,Genshin Impact,https://raw.githubusercontent.com/danyiadam117-creator/card-bot-images/a8bff183d21706158e29eb0cc6a5add38665d313/characters/diona.png
Dori,Genshin Impact,https://raw.githubusercontent.com/danyiadam117-creator/card-bot-images/a8bff183d21706158e29eb0cc6a5add38665d313/characters/dori.png
Durin,Genshin Impact,https://raw.githubusercontent.com/danyiadam117-creator/card-bot-images/a8bff183d21706158e29eb0cc6a5add38665d313/characters/durin.png
Dvalin,Genshin Impact,https://raw.githubusercontent.com/danyiadam117-creator/card-bot-images/d5e402fdce0a252ce9808db1c196caf04aca5f57/characters/genshin/dvalin.png
Emilie,Genshin Impact,https://raw.githubusercontent.com/danyiadam117-creator/card-bot-images/a8bff183d21706158e29eb0cc6a5add38665d313/characters/emilie.png
Escoffier,Genshin Impact,https://raw.githubusercontent.com/danyiadam117-creator/card-bot-images/a8bff183d21706158e29eb0cc6a5add38665d313/characters/escoffier.png
Eula,Genshin Impact,https://raw.githubusercontent.com/danyiadam117-creator/card-bot-images/a8bff183d21706158e29eb0cc6a5add38665d313/characters/eula.png
Faruzan,Genshin Impact,https://raw.githubusercontent.com/danyiadam117-creator/card-bot-images/0b5d22f8586f99fcc2a88854677dd2d94aef3cd4/characters/genshin/faruzan.png
Fischl,Genshin Impact,https://raw.githubusercontent.com/danyiadam117-creator/card-bot-images/0b5d22f8586f99fcc2a88854677dd2d94aef3cd4/characters/genshin/fischl.png
Flins,Genshin Impact,https://raw.githubusercontent.com/danyiadam117-creator/card-bot-images/0b5d22f8586f99fcc2a88854677dd2d94aef3cd4/characters/genshin/flins.png
Focalors,Genshin Impact,https://raw.githubusercontent.com/danyiadam117-creator/card-bot-images/7534a0fc726fd9a04e3c56a2786ca94f49657130/characters/genshin/focalors.png
Furina,Genshin Impact,https://raw.githubusercontent.com/danyiadam117-creator/card-bot-images/0b5d22f8586f99fcc2a88854677dd2d94aef3cd4/characters/genshin/furina.png
Gaming,Genshin Impact,https://raw.githubusercontent.com/danyiadam117-creator/card-bot-images/0b5d22f8586f99fcc2a88854677dd2d94aef3cd4/characters/genshin/gaming.png
Ganyu,Genshin Impact,https://raw.githubusercontent.com/danyiadam117-creator/card-bot-images/0b5d22f8586f99fcc2a88854677dd2d94aef3cd4/characters/genshin/ganyu.png
Gorou,Genshin Impact,https://raw.githubusercontent.com/danyiadam117-creator/card-bot-images/0b5d22f8586f99fcc2a88854677dd2d94aef3cd4/characters/genshin/gorou.png
Greater Lord Rukkhadevata,Genshin Impact,https://raw.githubusercontent.com/danyiadam117-creator/card-bot-images/7534a0fc726fd9a04e3c56a2786ca94f49657130/characters/genshin/greaterlordrukkhadevata.png
Guizhong,Genshin Impact,https://raw.githubusercontent.com/danyiadam117-creator/card-bot-images/7534a0fc726fd9a04e3c56a2786ca94f49657130/characters/genshin/guizhong.png
Guoba,Genshin Impact,https://raw.githubusercontent.com/danyiadam117-creator/card-bot-images/7534a0fc726fd9a04e3c56a2786ca94f49657130/characters/genshin/guoba.png
Hroptatyr,Genshin Impact,https://raw.githubusercontent.com/danyiadam117-creator/card-bot-images/7534a0fc726fd9a04e3c56a2786ca94f49657130/characters/genshin/hroptatyr.png
Hu Tao,Genshin Impact,https://raw.githubusercontent.com/danyiadam117-creator/card-bot-images/0b5d22f8586f99fcc2a88854677dd2d94aef3cd4/characters/genshin/hutao.png
Iansan,Genshin Impact,https://raw.githubusercontent.com/danyiadam117-creator/card-bot-images/0b5d22f8586f99fcc2a88854677dd2d94aef3cd4/characters/genshin/iansan.png
Ifa,Genshin Impact,https://raw.githubusercontent.com/danyiadam117-creator/card-bot-images/0b5d22f8586f99fcc2a88854677dd2d94aef3cd4/characters/genshin/ifa.png
Il Dottore,Genshin Impact,https://raw.githubusercontent.com/danyiadam117-creator/card-bot-images/d5e402fdce0a252ce9808db1c196caf04aca5f57/characters/genshin/ildottore.png
Iluga,Genshin Impact,https://raw.githubusercontent.com/danyiadam117-creator/card-bot-images/5a595e363fd5c50a7e3c88333cb2ef8509e770e7/characters/genshin/iluga.png
Ineffa,Genshin Impact,https://raw.githubusercontent.com/danyiadam117-creator/card-bot-images/28bc036598b8f8e81ad4090558a821a347d4187f/characters/genshin/ineffa.png
Ioanna Ivanovna N.,Genshin Impact,https://raw.githubusercontent.com/danyiadam117-creator/card-bot-images/d5e402fdce0a252ce9808db1c196caf04aca5f57/characters/genshin/ioannaivanovnan.png
Istaroth,Genshin Impact,https://raw.githubusercontent.com/danyiadam117-creator/card-bot-images/7534a0fc726fd9a04e3c56a2786ca94f49657130/characters/genshin/istaroth.png
Jahoda,Genshin Impact,https://raw.githubusercontent.com/danyiadam117-creator/card-bot-images/28bc036598b8f8e81ad4090558a821a347d4187f/characters/genshin/jahoda.png
Jean,Genshin Impact,https://raw.githubusercontent.com/danyiadam117-creator/card-bot-images/28bc036598b8f8e81ad4090558a821a347d4187f/characters/genshin/jean.png
Jeht,Genshin Impact,https://raw.githubusercontent.com/danyiadam117-creator/card-bot-images/d5e402fdce0a252ce9808db1c196caf04aca5f57/characters/genshin/jeht.png
Kachina,Genshin Impact,https://raw.githubusercontent.com/danyiadam117-creator/card-bot-images/28bc036598b8f8e81ad4090558a821a347d4187f/characters/genshin/kachina.png
Kaedehara Kazuha,Genshin Impact,https://raw.githubusercontent.com/danyiadam117-creator/card-bot-images/28bc036598b8f8e81ad4090558a821a347d4187f/characters/genshin/kaedeharakazuha.png
Kaeya,Genshin Impact,https://raw.githubusercontent.com/danyiadam117-creator/card-bot-images/28bc036598b8f8e81ad4090558a821a347d4187f/characters/genshin/kaeya.png
Kamisato Ayaka,Genshin Impact,https://raw.githubusercontent.com/danyiadam117-creator/card-bot-images/28bc036598b8f8e81ad4090558a821a347d4187f/characters/genshin/kamisatoayaka.png
Kamisato Ayato,Genshin Impact,https://raw.githubusercontent.com/danyiadam117-creator/card-bot-images/28bc036598b8f8e81ad4090558a821a347d4187f/characters/genshin/kamisatoayato.png
Katheryne,Genshin Impact,https://raw.githubusercontent.com/danyiadam117-creator/card-bot-images/d5e402fdce0a252ce9808db1c196caf04aca5f57/characters/genshin/katheryne.png
Kaveh,Genshin Impact,https://raw.githubusercontent.com/danyiadam117-creator/card-bot-images/28bc036598b8f8e81ad4090558a821a347d4187f/characters/genshin/kaveh.png
Keqing,Genshin Impact,https://raw.githubusercontent.com/danyiadam117-creator/card-bot-images/28bc036598b8f8e81ad4090558a821a347d4187f/characters/genshin/keqing.png
Kinich,Genshin Impact,https://raw.githubusercontent.com/danyiadam117-creator/card-bot-images/8d91418522a40571e52fadabab308162eac664cf/characters/genshin/kinich.png
Kirara,Genshin Impact,https://raw.githubusercontent.com/danyiadam117-creator/card-bot-images/3ef65544077ac212bdad74a1c6d4cff8411a6163/characters/genshin/kirara.png
Klee,Genshin Impact,https://raw.githubusercontent.com/danyiadam117-creator/card-bot-images/3ef65544077ac212bdad74a1c6d4cff8411a6163/characters/genshin/klee.png
Kujo Sara,Genshin Impact,https://raw.githubusercontent.com/danyiadam117-creator/card-bot-images/3ef65544077ac212bdad74a1c6d4cff8411a6163/characters/genshin/kujosara.png
Kuki Shinobu,Genshin Impact,https://raw.githubusercontent.com/danyiadam117-creator/card-bot-images/3ef65544077ac212bdad74a1c6d4cff8411a6163/characters/genshin/kukishinobu.png
La Signora,Genshin Impact,https://raw.githubusercontent.com/danyiadam117-creator/card-bot-images/d5e402fdce0a252ce9808db1c196caf04aca5f57/characters/genshin/lasignora.png
Lan Yan,Genshin Impact,https://raw.githubusercontent.com/danyiadam117-creator/card-bot-images/3ef65544077ac212bdad74a1c6d4cff8411a6163/characters/genshin/lanyan.png
Lauma,Genshin Impact,https://raw.githubusercontent.com/danyiadam117-creator/card-bot-images/3ef65544077ac212bdad74a1c6d4cff8411a6163/characters/genshin/lauma.png
Layla,Genshin Impact,https://raw.githubusercontent.com/danyiadam117-creator/card-bot-images/3ef65544077ac212bdad74a1c6d4cff8411a6163/characters/genshin/layla.png
Liben, Genshin Impact,https://raw.githubusercontent.com/danyiadam117-creator/card-bot-images/d5e402fdce0a252ce9808db1c196caf04aca5f57/characters/genshin/liben.png
Linnea,Genshin Impact,https://raw.githubusercontent.com/danyiadam117-creator/card-bot-images/5a595e363fd5c50a7e3c88333cb2ef8509e770e7/characters/genshin/linnea.png
Lisa,Genshin Impact,https://raw.githubusercontent.com/danyiadam117-creator/card-bot-images/8d91418522a40571e52fadabab308162eac664cf/characters/genshin/lisa.png
Lohen,Genshin Impact,https://raw.githubusercontent.com/danyiadam117-creator/card-bot-images/5a595e363fd5c50a7e3c88333cb2ef8509e770e7/characters/genshin/lohen.jpg
Lord of Eroded Primal Fire, Genshin Impact,https://raw.githubusercontent.com/danyiadam117-creator/card-bot-images/d5e402fdce0a252ce9808db1c196caf04aca5f57/characters/genshin/lordoferodedprimalfire.png
Lumine,Genshin Impact,https://raw.githubusercontent.com/danyiadam117-creator/card-bot-images/0f672e453f6e73303582e22bcff79705778ba316/characters/genshin/lumine.png
Lynette,Genshin Impact,https://raw.githubusercontent.com/danyiadam117-creator/card-bot-images/8d91418522a40571e52fadabab308162eac664cf/characters/genshin/lynette.png
Lyney,Genshin Impact,https://raw.githubusercontent.com/danyiadam117-creator/card-bot-images/8d91418522a40571e52fadabab308162eac664cf/characters/genshin/lyney.png
Madame Ping,Genshin Impact,https://raw.githubusercontent.com/danyiadam117-creator/card-bot-images/7534a0fc726fd9a04e3c56a2786ca94f49657130/characters/genshin/madameping.png
Mavuika,Genshin Impact,https://raw.githubusercontent.com/danyiadam117-creator/card-bot-images/8d91418522a40571e52fadabab308162eac664cf/characters/genshin/mavuika.png
Melusine,Genshin Impact,https://raw.githubusercontent.com/danyiadam117-creator/card-bot-images/d5e402fdce0a252ce9808db1c196caf04aca5f57/characters/genshin/melusine.png
Mika,Genshin Impact,https://raw.githubusercontent.com/danyiadam117-creator/card-bot-images/8d91418522a40571e52fadabab308162eac664cf/characters/genshin/mika.png
Mona,Genshin Impact,https://raw.githubusercontent.com/danyiadam117-creator/card-bot-images/8d91418522a40571e52fadabab308162eac664cf/characters/genshin/mona.png
Mualani,Genshin Impact,https://raw.githubusercontent.com/danyiadam117-creator/card-bot-images/8d91418522a40571e52fadabab308162eac664cf/characters/genshin/mualani.png
Naberius,Genshin Impact,https://raw.githubusercontent.com/danyiadam117-creator/card-bot-images/7534a0fc726fd9a04e3c56a2786ca94f49657130/characters/genshin/naberius.png
Nahida,Genshin Impact,https://raw.githubusercontent.com/danyiadam117-creator/card-bot-images/8d91418522a40571e52fadabab308162eac664cf/characters/genshin/nahida.png
Navia,Genshin Impact,https://raw.githubusercontent.com/danyiadam117-creator/card-bot-images/8d91418522a40571e52fadabab308162eac664cf/characters/genshin/navia.jpg
Nefer,Genshin Impact,https://raw.githubusercontent.com/danyiadam117-creator/card-bot-images/28bfbbfb4daf0b303abd99d5733ea875508ba531/characters/genshin/nefer.png
Neuvillette,Genshin Impact,https://raw.githubusercontent.com/danyiadam117-creator/card-bot-images/3ef65544077ac212bdad74a1c6d4cff8411a6163/characters/genshin/neuvillette.png
Nicole,Genshin Impact,https://raw.githubusercontent.com/danyiadam117-creator/card-bot-images/5a595e363fd5c50a7e3c88333cb2ef8509e770e7/characters/genshin/nicolegi.png
Nilou,Genshin Impact,https://raw.githubusercontent.com/danyiadam117-creator/card-bot-images/28bfbbfb4daf0b303abd99d5733ea875508ba531/characters/genshin/nilou.png
Ningguang,Genshin Impact,https://raw.githubusercontent.com/danyiadam117-creator/card-bot-images/28bfbbfb4daf0b303abd99d5733ea875508ba531/characters/genshin/ningguang.png
Noelle,Genshin Impact,https://raw.githubusercontent.com/danyiadam117-creator/card-bot-images/28bfbbfb4daf0b303abd99d5733ea875508ba531/characters/genshin/noelle.png
Octavia,Genshin Impact,https://raw.githubusercontent.com/danyiadam117-creator/card-bot-images/d5e402fdce0a252ce9808db1c196caf04aca5f57/characters/genshin/octavia.png
Orobashi,Genshin Impact,https://raw.githubusercontent.com/danyiadam117-creator/card-bot-images/7534a0fc726fd9a04e3c56a2786ca94f49657130/characters/genshin/orobashi.png
Ororon,Genshin Impact,https://raw.githubusercontent.com/danyiadam117-creator/card-bot-images/28bfbbfb4daf0b303abd99d5733ea875508ba531/characters/genshin/ororon.png
Paimon,Genshin Impact,https://raw.githubusercontent.com/danyiadam117-creator/card-bot-images/d5e402fdce0a252ce9808db1c196caf04aca5f57/characters/genshin/paimon.png
Pantalone,Genshin Impact,https://raw.githubusercontent.com/danyiadam117-creator/card-bot-images/7534a0fc726fd9a04e3c56a2786ca94f49657130/characters/genshin/pantalone.png
Pierro,Genshin Impact,https://raw.githubusercontent.com/danyiadam117-creator/card-bot-images/7534a0fc726fd9a04e3c56a2786ca94f49657130/characters/genshin/pierro.png
Pulcinella,Genshin Impact,https://raw.githubusercontent.com/danyiadam117-creator/card-bot-images/7534a0fc726fd9a04e3c56a2786ca94f49657130/characters/genshin/pulcinella.png
Qiqi,Genshin Impact,https://raw.githubusercontent.com/danyiadam117-creator/card-bot-images/28bfbbfb4daf0b303abd99d5733ea875508ba531/characters/genshin/qiqi.png
Raiden Shogun,Genshin Impact,https://raw.githubusercontent.com/danyiadam117-creator/card-bot-images/28bfbbfb4daf0b303abd99d5733ea875508ba531/characters/genshin/raidenshogun.png
Razor,Genshin Impact,https://raw.githubusercontent.com/danyiadam117-creator/card-bot-images/28bfbbfb4daf0b303abd99d5733ea875508ba531/characters/genshin/razor.png
Rerir, Genshin Impact,https://raw.githubusercontent.com/danyiadam117-creator/card-bot-images/7534a0fc726fd9a04e3c56a2786ca94f49657130/characters/genshin/rerir.png
Rhinedottir,Genshin Impact,https://raw.githubusercontent.com/danyiadam117-creator/card-bot-images/d5e402fdce0a252ce9808db1c196caf04aca5f57/characters/genshin/rhinedottir.png
Ronova,Genshin Impact,https://raw.githubusercontent.com/danyiadam117-creator/card-bot-images/7534a0fc726fd9a04e3c56a2786ca94f49657130/characters/genshin/ronova.png
Rosaria,Genshin Impact,https://raw.githubusercontent.com/danyiadam117-creator/card-bot-images/28bfbbfb4daf0b303abd99d5733ea875508ba531/characters/genshin/rosaria.png
Sandrone,Genshin Impact,https://raw.githubusercontent.com/danyiadam117-creator/card-bot-images/5a595e363fd5c50a7e3c88333cb2ef8509e770e7/characters/genshin/sandrone.png
Sangonomiya Kokomi,Genshin Impact,https://raw.githubusercontent.com/danyiadam117-creator/card-bot-images/28bfbbfb4daf0b303abd99d5733ea875508ba531/characters/genshin/sangonomiyakokomi.png
Sayu,Genshin Impact,https://raw.githubusercontent.com/danyiadam117-creator/card-bot-images/0f672e453f6e73303582e22bcff79705778ba316/characters/genshin/sayugi.png
Sethos,Genshin Impact,https://raw.githubusercontent.com/danyiadam117-creator/card-bot-images/0f672e453f6e73303582e22bcff79705778ba316/characters/genshin/sethos.png
Shenhe,Genshin Impact,https://raw.githubusercontent.com/danyiadam117-creator/card-bot-images/0f672e453f6e73303582e22bcff79705778ba316/characters/genshin/shenhe.png
Shikanoin Heizou,Genshin Impact,https://raw.githubusercontent.com/danyiadam117-creator/card-bot-images/0f672e453f6e73303582e22bcff79705778ba316/characters/genshin/shikanoinheizou.png
Sigewinne,Genshin Impact,https://raw.githubusercontent.com/danyiadam117-creator/card-bot-images/5a595e363fd5c50a7e3c88333cb2ef8509e770e7/characters/genshin/sigewinne.png
Skirk,Genshin Impact,https://raw.githubusercontent.com/danyiadam117-creator/card-bot-images/0f672e453f6e73303582e22bcff79705778ba316/characters/genshin/skirk.png
Sonnet,Genshin Impact,https://raw.githubusercontent.com/danyiadam117-creator/card-bot-images/7534a0fc726fd9a04e3c56a2786ca94f49657130/characters/genshin/sonnetgi.png
Sucrose,Genshin Impact,https://raw.githubusercontent.com/danyiadam117-creator/card-bot-images/0f672e453f6e73303582e22bcff79705778ba316/characters/genshin/sucrose.png
Surtalogi,Genshin Impact,https://raw.githubusercontent.com/danyiadam117-creator/card-bot-images/7534a0fc726fd9a04e3c56a2786ca94f49657130/characters/genshin/surtalogi.png
Tartaglia,Genshin Impact,https://raw.githubusercontent.com/danyiadam117-creator/card-bot-images/0f672e453f6e73303582e22bcff79705778ba316/characters/genshin/tartaglia.png
The Game Before the Gate,Genshin Impact,https://raw.githubusercontent.com/danyiadam117-creator/card-bot-images/d5e402fdce0a252ce9808db1c196caf04aca5f57/characters/genshin/thegamebeforethegate.png
Thoma,Genshin Impact,https://raw.githubusercontent.com/danyiadam117-creator/card-bot-images/0f672e453f6e73303582e22bcff79705778ba316/characters/genshin/thoma.png
Tighnari, Genshin Impact,https://raw.githubusercontent.com/danyiadam117-creator/card-bot-images/efb087d0bae55ebf21bf7d3316929701d478daef/characters/genshin/tighnari.png
Tsaritsa, Genshin Impact,https://raw.githubusercontent.com/danyiadam117-creator/card-bot-images/7534a0fc726fd9a04e3c56a2786ca94f49657130/characters/genshin/tsaritsa.png
Varesa,Genshin Impact,https://raw.githubusercontent.com/danyiadam117-creator/card-bot-images/965efd4d1c520b62ec1156dca25ba9df2440cc60/characters/genshin/varesa.png
Varka,Genshin Impact,https://raw.githubusercontent.com/danyiadam117-creator/card-bot-images/5a595e363fd5c50a7e3c88333cb2ef8509e770e7/characters/genshin/varka.png
Vedrfolnir,Genshin Impact,https://raw.githubusercontent.com/danyiadam117-creator/card-bot-images/7534a0fc726fd9a04e3c56a2786ca94f49657130/characters/genshin/vedrfolnir.png
Vennessa,Genshin Impact,https://raw.githubusercontent.com/danyiadam117-creator/card-bot-images/7534a0fc726fd9a04e3c56a2786ca94f49657130/characters/genshin/vennessa.png
Venti,Genshin Impact,https://raw.githubusercontent.com/danyiadam117-creator/card-bot-images/965efd4d1c520b62ec1156dca25ba9df2440cc60/characters/genshin/venti.png
Wanderer,Genshin Impact,https://raw.githubusercontent.com/danyiadam117-creator/card-bot-images/965efd4d1c520b62ec1156dca25ba9df2440cc60/characters/genshin/wanderer.png
Wriothesley,Genshin Impact,https://raw.githubusercontent.com/danyiadam117-creator/card-bot-images/965efd4d1c520b62ec1156dca25ba9df2440cc60/characters/genshin/wriothesley.png
Xbalanque,Genshin Impact,https://raw.githubusercontent.com/danyiadam117-creator/card-bot-images/7534a0fc726fd9a04e3c56a2786ca94f49657130/characters/genshin/xbalanque.png
Xiangling,Genshin Impact,https://raw.githubusercontent.com/danyiadam117-creator/card-bot-images/965efd4d1c520b62ec1156dca25ba9df2440cc60/characters/genshin/xiangling.png
Xianyun,Genshin Impact,https://raw.githubusercontent.com/danyiadam117-creator/card-bot-images/965efd4d1c520b62ec1156dca25ba9df2440cc60/characters/genshin/xianyun.png
Xiao,Genshin Impact,https://raw.githubusercontent.com/danyiadam117-creator/card-bot-images/965efd4d1c520b62ec1156dca25ba9df2440cc60/characters/genshin/xiao.png
Xilonen,Genshin Impact,https://raw.githubusercontent.com/danyiadam117-creator/card-bot-images/965efd4d1c520b62ec1156dca25ba9df2440cc60/characters/genshin/xilonen.png
Xingqiu,Genshin Impact,https://raw.githubusercontent.com/danyiadam117-creator/card-bot-images/965efd4d1c520b62ec1156dca25ba9df2440cc60/characters/genshin/xingqiu.png
Xinyan,Genshin Impact,https://raw.githubusercontent.com/danyiadam117-creator/card-bot-images/965efd4d1c520b62ec1156dca25ba9df2440cc60/characters/genshin/xinyan.png
Yae Miko,Genshin Impact,https://raw.githubusercontent.com/danyiadam117-creator/card-bot-images/d23290e39dd25050f09d3bc613b7c66fe55ca0e8/characters/genshin/yaemiko.png
Yanfei,Genshin Impact,https://raw.githubusercontent.com/danyiadam117-creator/card-bot-images/d23290e39dd25050f09d3bc613b7c66fe55ca0e8/characters/genshin/yanfei.png
Yaoyao,Genshin Impact,https://raw.githubusercontent.com/danyiadam117-creator/card-bot-images/d23290e39dd25050f09d3bc613b7c66fe55ca0e8/characters/genshin/yaoyao.png
Yelan,Genshin Impact,https://raw.githubusercontent.com/danyiadam117-creator/card-bot-images/d23290e39dd25050f09d3bc613b7c66fe55ca0e8/characters/genshin/yelan.png
Yoimiya,Genshin Impact,https://raw.githubusercontent.com/danyiadam117-creator/card-bot-images/d23290e39dd25050f09d3bc613b7c66fe55ca0e8/characters/genshin/yoimiya.png
Yumemizuki Mizuki,Genshin Impact,https://raw.githubusercontent.com/danyiadam117-creator/card-bot-images/d23290e39dd25050f09d3bc613b7c66fe55ca0e8/characters/genshin/yumemizukimizuki.png
Yun Jin,Genshin Impact,https://raw.githubusercontent.com/danyiadam117-creator/card-bot-images/d23290e39dd25050f09d3bc613b7c66fe55ca0e8/characters/genshin/yunjin.png
Zhongli,Genshin Impact,https://raw.githubusercontent.com/danyiadam117-creator/card-bot-images/d23290e39dd25050f09d3bc613b7c66fe55ca0e8/characters/genshin/zhongli.png
Zibai,Genshin Impact,https://raw.githubusercontent.com/danyiadam117-creator/card-bot-images/d23290e39dd25050f09d3bc613b7c66fe55ca0e8/characters/genshin/zibai.png
Abigail,Stardew Valley,https://raw.githubusercontent.com/danyiadam117-creator/card-bot-images/8a58273c958ac5848820ba4f8603e2cafcafa21b/characters/hayleegames/abigailstardew.JPG
Alex,Stardew Valley,https://raw.githubusercontent.com/danyiadam117-creator/card-bot-images/8a58273c958ac5848820ba4f8603e2cafcafa21b/characters/hayleegames/stardew-valley-Alex.jpg
Elliott,Stardew Valley,https://raw.githubusercontent.com/danyiadam117-creator/card-bot-images/8a58273c958ac5848820ba4f8603e2cafcafa21b/characters/hayleegames/stardew-valley-elliott.jpg
Emily,Stardew Valley,https://raw.githubusercontent.com/danyiadam117-creator/card-bot-images/8a58273c958ac5848820ba4f8603e2cafcafa21b/characters/hayleegames/emily.JPG
Haley,Stardew Valley,https://raw.githubusercontent.com/danyiadam117-creator/card-bot-images/8a58273c958ac5848820ba4f8603e2cafcafa21b/characters/hayleegames/stardew-valley-haley.jpg
Harvey,Stardew Valley,https://raw.githubusercontent.com/danyiadam117-creator/card-bot-images/8a58273c958ac5848820ba4f8603e2cafcafa21b/characters/hayleegames/stardew-valley-Harvey.jpg
Krobus,Stardew Valley,https://raw.githubusercontent.com/danyiadam117-creator/card-bot-images/8a58273c958ac5848820ba4f8603e2cafcafa21b/characters/hayleegames/stardew-valley-krobus.jpg
Leah,Stardew Valley,https://raw.githubusercontent.com/danyiadam117-creator/card-bot-images/8a58273c958ac5848820ba4f8603e2cafcafa21b/characters/hayleegames/stardew-valley-Leah.jpg
Maru, Stardew Valley,https://raw.githubusercontent.com/danyiadam117-creator/card-bot-images/8a58273c958ac5848820ba4f8603e2cafcafa21b/characters/hayleegames/stardew-valley-Maru.jpg
Penny,Stardew Valley,https://raw.githubusercontent.com/danyiadam117-creator/card-bot-images/8a58273c958ac5848820ba4f8603e2cafcafa21b/characters/hayleegames/stardew-valley-Penny.jpg
Robin,Stardew Valley,https://raw.githubusercontent.com/danyiadam117-creator/card-bot-images/8a58273c958ac5848820ba4f8603e2cafcafa21b/characters/hayleegames/stardew-valley-robin-.jpg
Sam,Stardew Valley,https://raw.githubusercontent.com/danyiadam117-creator/card-bot-images/8a58273c958ac5848820ba4f8603e2cafcafa21b/characters/hayleegames/stardew-valley-Sam.jpg
Sebastian,Stardew Valley,https://raw.githubusercontent.com/danyiadam117-creator/card-bot-images/8a58273c958ac5848820ba4f8603e2cafcafa21b/characters/hayleegames/sebastianstardew.JPG
Shane,Stardew Valley,https://raw.githubusercontent.com/danyiadam117-creator/card-bot-images/8a58273c958ac5848820ba4f8603e2cafcafa21b/characters/hayleegames/stardew-valley-shane.jpg










